CONTENT_ID	CONTENT_NAME	TYPE	EXISTING_OR_NEW	CURRENT_TASK	TASK_STAGE	OBJECTIVE	PROGRESS_HOOK	REWARD_MODE	MULTIPLAYER_CREDIT	REPEATABLE	OLD_SAVE_COMPAT	NOTES
qimen_cable	奇门钢索	item	NEW	dynasty_build_guard	1000000000c40001	cod4_obtain_qimen_cable	ContentProgress.reconcile	advancement record; recipe/rank/shop unlock handled by ContentProgress	per_player	false	inventory/rank reconciliation	—
qimen_gear	奇门机括	item	NEW	dynasty_build_guard	1000000000c40002	cod4_obtain_qimen_gear	ContentProgress.reconcile	advancement record; recipe/rank/shop unlock handled by ContentProgress	per_player	false	inventory/rank reconciliation	—
repeating_crossbow	连弩	item	NEW	dynasty_build_archer	1000000000c40003	cod4_obtain_repeating_crossbow	ContentProgress.reconcile	advancement record; recipe/rank/shop unlock handled by ContentProgress	per_player	false	inventory/rank reconciliation	Snapshot-owned VFX#4 via EquipmentFeedback.arrow/tracking; COD4 ammo magazine mechanics unchanged; client hold/load/swap acceptance pending
siege_crossbow	重弩	item	NEW	dynasty_build_archer	1000000000c40004	cod4_obtain_siege_crossbow	ContentProgress.reconcile	advancement record; recipe/rank/shop unlock handled by ContentProgress	per_player	false	inventory/rank reconciliation	Snapshot-owned VFX#4, actual projectile impact VFX#3; physical recoil retained; client acceptance pending
rope_dart	绳镖	item	NEW	dynasty_build_guard	1000000000c40005	cod4_obtain_rope_dart	ContentProgress.reconcile	advancement record; recipe/rank/shop unlock handled by ContentProgress	per_player	false	inventory/rank reconciliation	—
flying_claw	飞爪	item	NEW	dynasty_build_guard	1000000000c40006	cod4_obtain_flying_claw	ContentProgress.reconcile	advancement record; recipe/rank/shop unlock handled by ContentProgress	per_player	false	inventory/rank reconciliation	—
meteor_hammer	流星锤	item	NEW	dynasty_build_guard	1000000000c40007	cod4_obtain_meteor_hammer	ContentProgress.reconcile	ContentProgress.reconcile: official rank>=3 OR guard rank>=3 discovers cod4/meteor_hammer; ProgressionMerchant offers 64 copper, max 8/day	per_player	false	inventory/rank reconciliation	Legacy OBTAIN advancement; discovery/shop gate only, no craft/use prohibition; minister is existing qimen vendor
mandarin_duck_axe	鸳鸯钺	item	NEW	dynasty_build_guard	1000000000c40008	cod4_obtain_mandarin_duck_axe	ContentProgress.reconcile	ContentProgress.reconcile: official rank>=3 OR guard rank>=3 discovers cod4/mandarin_duck_axe; ProgressionMerchant offers 64 copper, max 8/day	per_player	false	inventory/rank reconciliation	Legacy OBTAIN advancement; discovery/shop gate only, no craft/use prohibition; minister is existing qimen vendor
poison_arrow	淬毒矢	item	NEW	dynasty_build_archer	1000000000c40009	cod4_obtain_poison_arrow	ContentProgress.reconcile	advancement record; recipe/rank/shop unlock handled by ContentProgress	per_player	false	inventory/rank reconciliation	—
pierce_arrow	破甲矢	item	NEW	dynasty_build_archer	1000000000c4000a	cod4_obtain_pierce_arrow	ContentProgress.reconcile	advancement record; recipe/rank/shop unlock handled by ContentProgress	per_player	false	inventory/rank reconciliation	—
thunder_arrow	引雷矢	item	NEW	dynasty_build_archer	1000000000c4000b	cod4_obtain_thunder_arrow	ContentProgress.reconcile	advancement record; recipe/rank/shop unlock handled by ContentProgress	per_player	false	inventory/rank reconciliation	—
heavy_bolt	重钢弩矢	item	NEW	dynasty_build_archer	1000000000c4000c	cod4_obtain_heavy_bolt	ContentProgress.reconcile	advancement record; recipe/rank/shop unlock handled by ContentProgress	per_player	false	inventory/rank reconciliation	—
repeating_bolt	连发弩矢	item	NEW	dynasty_build_archer	1000000000c4000d	cod4_obtain_repeating_bolt	ContentProgress.reconcile	advancement record; recipe/rank/shop unlock handled by ContentProgress	per_player	false	inventory/rank reconciliation	—
regen_pill	回春丹	item	NEW	dynasty_home	dynasty_home / optional COD4 1000000000c4000e	CRAFT regen_pill	ContentProgress.crafted / PlayerEvent.ItemCraftedEvent	legacy cod4_obtain_regen_pill advancement; no item reward; recipe book discovery via ContentProgress.reconcile	per_player	false	Keep completed legacy advancement/FTB IDs; incomplete inventory is not craft evidence	JEI visible; crafting/use not gated; login never grants this objective
qi_pill	聚气丹	item	NEW	dynasty_home	dynasty_home / optional COD4 1000000000c4000f	CRAFT qi_pill	ContentProgress.crafted / PlayerEvent.ItemCraftedEvent	legacy cod4_obtain_qi_pill advancement; no item reward; recipe book discovery via ContentProgress.reconcile	per_player	false	Keep completed legacy advancement/FTB IDs; incomplete inventory is not craft evidence	JEI visible; crafting/use not gated; login never grants this objective
antidote_pill	避毒丹	item	NEW	dynasty_home	dynasty_home / optional COD4 1000000000c40010	CRAFT antidote_pill	ContentProgress.crafted / PlayerEvent.ItemCraftedEvent	legacy cod4_obtain_antidote_pill advancement; no item reward; recipe book discovery via ContentProgress.reconcile	per_player	false	Keep completed legacy advancement/FTB IDs; incomplete inventory is not craft evidence	JEI visible; crafting/use not gated; login never grants this objective
zhuangyuan_wine	状元酒	item	NEW	dynasty_home	dynasty_home / optional COD4 1000000000c40011	CRAFT zhuangyuan_wine	ContentProgress.crafted / PlayerEvent.ItemCraftedEvent	legacy cod4_obtain_zhuangyuan_wine advancement; no item reward; recipe book discovery via ContentProgress.reconcile	per_player	false	Keep completed legacy advancement/FTB IDs; incomplete inventory is not craft evidence	JEI visible; crafting/use not gated; login never grants this objective
marching_wine	壮行酒	item	NEW	dynasty_home	dynasty_home / optional COD4 1000000000c40012	CRAFT marching_wine	ContentProgress.crafted / PlayerEvent.ItemCraftedEvent	legacy cod4_obtain_marching_wine advancement; no item reward; recipe book discovery via ContentProgress.reconcile	per_player	false	Keep completed legacy advancement/FTB IDs; incomplete inventory is not craft evidence	JEI visible; crafting/use not gated; login never grants this objective
soul_incense	安魂香	item	NEW	dynasty_home	dynasty_home / optional COD4 1000000000c40013	CRAFT soul_incense	ContentProgress.crafted / PlayerEvent.ItemCraftedEvent	legacy cod4_obtain_soul_incense advancement; no item reward; recipe book discovery via ContentProgress.reconcile	per_player	false	Keep completed legacy advancement/FTB IDs; incomplete inventory is not craft evidence	JEI visible; crafting/use not gated; login never grants this objective
guide_incense	引路香	item	NEW	dynasty_home	dynasty_home / optional COD4 1000000000c40014	CRAFT guide_incense	ContentProgress.crafted / PlayerEvent.ItemCraftedEvent	legacy cod4_obtain_guide_incense advancement; no item reward; recipe book discovery via ContentProgress.reconcile	per_player	false	Keep completed legacy advancement/FTB IDs; incomplete inventory is not craft evidence	CRAFT objective retained; USE via ExpansionSupplies.locate -> mark/updateGuide: nearest existing ritual_sites tag, one bounded lookup, 1200-tick direction/distance marker, no map; expiry/dimension/death clears
army_ration	军粮	item	NEW	dynasty_home	dynasty_home / optional COD4 1000000000c40015	CRAFT army_ration	ContentProgress.crafted / PlayerEvent.ItemCraftedEvent	legacy cod4_obtain_army_ration advancement; no item reward; recipe book discovery via ContentProgress.reconcile	per_player	false	Keep completed legacy advancement/FTB IDs; incomplete inventory is not craft evidence	JEI visible; crafting/use not gated; login never grants this objective
fox_pelt	狐皮	item	NEW	dynasty_home	1000000000c40016	cod4_obtain_fox_pelt	ContentProgress.reconcile	advancement record; recipe/rank/shop unlock handled by ContentProgress	per_player	false	inventory/rank reconciliation	—
wolf_fang	狼牙	item	NEW	dynasty_home	1000000000c40017	cod4_obtain_wolf_fang	ContentProgress.reconcile	advancement record; recipe/rank/shop unlock handled by ContentProgress	per_player	false	inventory/rank reconciliation	—
python_gall	蟒蛇胆	item	NEW	dynasty_home	1000000000c40018	cod4_obtain_python_gall	ContentProgress.reconcile	advancement record; recipe/rank/shop unlock handled by ContentProgress	per_player	false	inventory/rank reconciliation	—
crab_shell	蟹甲	item	NEW	dynasty_home	1000000000c40019	cod4_obtain_crab_shell	ContentProgress.reconcile	advancement record; recipe/rank/shop unlock handled by ContentProgress	per_player	false	inventory/rank reconciliation	—
kappa_scale	河童鳞	item	NEW	dynasty_home	1000000000c4001a	cod4_obtain_kappa_scale	ContentProgress.reconcile	advancement record; recipe/rank/shop unlock handled by ContentProgress	per_player	false	inventory/rank reconciliation	—
sprite_jade	石精玉粒	item	NEW	dynasty_home	1000000000c4001b	cod4_obtain_sprite_jade	ContentProgress.reconcile	advancement record; recipe/rank/shop unlock handled by ContentProgress	per_player	false	inventory/rank reconciliation	—
lantern_oil	灯油	item	NEW	dynasty_home	1000000000c4001c	cod4_obtain_lantern_oil	ContentProgress.reconcile	advancement record; recipe/rank/shop unlock handled by ContentProgress	per_player	false	inventory/rank reconciliation	—
locust_dust	蝗粉	item	NEW	dynasty_home	1000000000c4001d	cod4_obtain_locust_dust	ContentProgress.reconcile	advancement record; recipe/rank/shop unlock handled by ContentProgress	per_player	false	inventory/rank reconciliation	—
silk_pouch	锦囊	item	EXISTING	dynasty_home	1000000000c4001e	cod4_obtain_silk_pouch	ContentProgress.reconcile	advancement record; recipe/rank/shop unlock handled by ContentProgress	per_player	false	inventory/rank reconciliation	—
jade_crown	玉冠	item	EXISTING	dynasty_story_01	1000000000c4001f	cod4_obtain_jade_crown	ContentProgress.reconcile	advancement record; recipe/rank/shop unlock handled by ContentProgress	per_player	false	inventory/rank reconciliation	—
wayside_tea_stall	古道茶摊	interaction	NEW	dynasty_story_03	1000000000c40020	cod4_wayside_tea_stall	SmallInteractions.Site.use	recipe_book / advancement	per_player	false	inventory/rank reconciliation	—
battlefield_remnant	古战场残迹	interaction	NEW	dynasty_story_03	1000000000c40021	cod4_battlefield_remnant	SmallInteractions.Site.use	recipe_book / advancement	per_player	false	inventory/rank reconciliation	—
ancient_well	古井沉冤	interaction	NEW	dynasty_story_03	1000000000c40022	cod4_ancient_well	SmallInteractions.Site.use	recipe_book / advancement	per_player	false	inventory/rank reconciliation	—
old_bellows	旧风箱	interaction	NEW	dynasty_story_03	1000000000c40023	cod4_old_bellows	SmallInteractions.Site.use	recipe_book / advancement	per_player	false	inventory/rank reconciliation	—
abandoned_armory	废弃军械	interaction	NEW	dynasty_story_03	1000000000c40024	cod4_abandoned_armory	SmallInteractions.Site.use	recipe_book / advancement	per_player	false	inventory/rank reconciliation	—
broken_waterwheel	残破水车	interaction	NEW	dynasty_story_03	1000000000c40025	cod4_broken_waterwheel	SmallInteractions.Site.use	recipe_book / advancement	per_player	false	inventory/rank reconciliation	—
old_weapon_rack	旧兵器架	interaction	NEW	dynasty_story_03	1000000000c40026	INTERACT old_weapon_rack	SmallInteractions.Site.use	tie_jian x1, 75% damage	per_player	false	Player.PERSISTED_NBT_TAG/dynastyCod4/site_old_weapon_rack_done; keep claimed flags; never regrant	—
herb_spot	药草点	interaction	NEW	dynasty_story_03	1000000000c40027	INTERACT herb_spot	SmallInteractions.Site.use	tea x2 (herbal_basin -> healing_salve)	per_player	false	Player.PERSISTED_NBT_TAG/dynastyCod4/site_herb_spot_done; keep claimed flags; never regrant	—
ghost_market_boat	鬼市小舟	interaction	NEW	dynasty_story_03	1000000000c40028	cod4_ghost_market_boat	SmallInteractions.Site.use	recipe_book / advancement	per_player	false	inventory/rank reconciliation	—
mortuary_room	义庄停尸	interaction	NEW	dynasty_story_03	1000000000c40029	cod4_mortuary_room	SmallInteractions.Site.use	recipe_book / advancement	per_player	false	inventory/rank reconciliation	—
wayside_shrine	小神龛	interaction	NEW	dynasty_story_03	1000000000c4002a	cod4_wayside_shrine	SmallInteractions.Site.use	recipe_book / advancement	per_player	false	inventory/rank reconciliation	—
nameless_tomb	无名墓	interaction	NEW	dynasty_story_03	1000000000c4002b	cod4_nameless_tomb	SmallInteractions.Site.use	recipe_book / advancement	per_player	false	inventory/rank reconciliation	—
sword_scar_wall	剑痕石壁	interaction	NEW	dynasty_story_03	1000000000c4002c	cod4_sword_scar_wall	SmallInteractions.Site.use	recipe_book / advancement	per_player	false	inventory/rank reconciliation	—
broken_stele	破损界碑	interaction	NEW	dynasty_story_03	1000000000c4002d	cod4_broken_stele	SmallInteractions.Site.use	recipe_book / advancement	per_player	false	inventory/rank reconciliation	—
puzzle_box	小机关盒	interaction	NEW	dynasty_story_03	1000000000c4002e	cod4_puzzle_box	SmallInteractions.Site.use	recipe_book / advancement	per_player	false	inventory/rank reconciliation	—
cloth	cloth	armor	EXISTING	NO_CURRENT_TASK_LINK	2/3/4 pieces	EQUIP	EquipmentBehaviors	intrinsic behavior	per_player	false	refresh on equipment change	Does not gate weapons
bamboo	bamboo	armor	EXISTING	NO_CURRENT_TASK_LINK	2/3/4 pieces	EQUIP	EquipmentBehaviors	intrinsic behavior	per_player	false	refresh on equipment change	Does not gate weapons
leather	leather	armor	EXISTING	NO_CURRENT_TASK_LINK	2/3/4 pieces	EQUIP	EquipmentBehaviors	intrinsic behavior	per_player	false	refresh on equipment change	Does not gate weapons
brocade	brocade	armor	EXISTING	NO_CURRENT_TASK_LINK	2/3/4 pieces	EQUIP	EquipmentBehaviors	intrinsic behavior	per_player	false	refresh on equipment change	Does not gate weapons
bronze	bronze	armor	EXISTING	NO_CURRENT_TASK_LINK	2/3/4 pieces	EQUIP	EquipmentBehaviors	intrinsic behavior	per_player	false	refresh on equipment change	Does not gate weapons
general	general	armor	EXISTING	NO_CURRENT_TASK_LINK	2/3/4 pieces	EQUIP	EquipmentBehaviors	intrinsic behavior	per_player	false	refresh on equipment change	Does not gate weapons
silver	silver	armor	EXISTING	NO_CURRENT_TASK_LINK	2/3/4 pieces	EQUIP	EquipmentBehaviors	intrinsic behavior	per_player	false	refresh on equipment change	Does not gate weapons
cinnabar	cinnabar	armor	EXISTING	NO_CURRENT_TASK_LINK	2/3/4 pieces	EQUIP	EquipmentBehaviors	intrinsic behavior	per_player	false	refresh on equipment change	Does not gate weapons
jade	jade	armor	EXISTING	NO_CURRENT_TASK_LINK	2/3/4 pieces	EQUIP	EquipmentBehaviors	intrinsic behavior	per_player	false	refresh on equipment change	Does not gate weapons
phoenix	phoenix	armor	EXISTING	NO_CURRENT_TASK_LINK	2/3/4 pieces	EQUIP	EquipmentBehaviors	intrinsic behavior	per_player	false	refresh on equipment change	Does not gate weapons
qilin	qilin	armor	EXISTING	NO_CURRENT_TASK_LINK	2/3/4 pieces	EQUIP	EquipmentBehaviors	intrinsic behavior	per_player	false	refresh on equipment change	Does not gate weapons
dragon_scale	dragon_scale	armor	EXISTING	NO_CURRENT_TASK_LINK	2/3/4 pieces	EQUIP	EquipmentBehaviors	intrinsic behavior	per_player	false	refresh on equipment change	Does not gate weapons
sea_silk	sea_silk	armor	EXISTING	NO_CURRENT_TASK_LINK	2/3/4 pieces	EQUIP	EquipmentBehaviors	intrinsic behavior	per_player	false	refresh on equipment change	Does not gate weapons
dark_iron	dark_iron	armor	EXISTING	NO_CURRENT_TASK_LINK	2/3/4 pieces	EQUIP	EquipmentBehaviors	intrinsic behavior	per_player	false	refresh on equipment change	Does not gate weapons
sky	sky	armor	EXISTING	NO_CURRENT_TASK_LINK	2/3/4 pieces	EQUIP	EquipmentBehaviors	intrinsic behavior	per_player	false	refresh on equipment change	Does not gate weapons
draco_king	draco_king	armor	EXISTING	NO_CURRENT_TASK_LINK	2/3/4 pieces	EQUIP	EquipmentBehaviors	intrinsic behavior	per_player	false	refresh on equipment change	SummonedGuard.maintain/tick: 3 pieces one shrimp; 4 shrimp+crab; generation/owner/lease/unequip cleanup verified server; no army asset lease
xuantian	xuantian	armor	EXISTING	NO_CURRENT_TASK_LINK	2/3/4 pieces	EQUIP	EquipmentBehaviors	intrinsic behavior	per_player	false	refresh on equipment change	Does not gate weapons
xuanwu	xuanwu	armor	EXISTING	NO_CURRENT_TASK_LINK	2/3/4 pieces	EQUIP	EquipmentBehaviors	intrinsic behavior	per_player	false	refresh on equipment change	EquipmentBehaviors.block LOWEST after school: use ticks 5..10, partial block >=60%, full shield preserved; real front health loss/rear=0.4 verified
zhuque	zhuque	armor	EXISTING	NO_CURRENT_TASK_LINK	2/3/4 pieces	EQUIP	EquipmentBehaviors	intrinsic behavior	per_player	false	refresh on equipment change	Does not gate weapons
qinglong	qinglong	armor	EXISTING	NO_CURRENT_TASK_LINK	2/3/4 pieces	EQUIP	EquipmentBehaviors	intrinsic behavior	per_player	false	refresh on equipment change	EquipmentBehaviors.comboWave: shared 5-stack combo, bounded dragon mesh, existing damage/heal retained; 4 pieces cod4QinglongQiUntil advances shared combo, unequip clears; client pending
baihu	baihu	armor	EXISTING	NO_CURRENT_TASK_LINK	2/3/4 pieces	EQUIP	EquipmentBehaviors	intrinsic behavior	per_player	false	refresh on equipment change	Does not gate weapons
beidou	beidou	armor	EXISTING	NO_CURRENT_TASK_LINK	2/3/4 pieces	EQUIP	EquipmentBehaviors	intrinsic behavior	per_player	false	refresh on equipment change	Does not gate weapons
tiangang	tiangang	armor	EXISTING	NO_CURRENT_TASK_LINK	2/3/4 pieces	EQUIP	EquipmentBehaviors	intrinsic behavior	per_player	false	refresh on equipment change	Does not gate weapons
disha	disha	armor	EXISTING	NO_CURRENT_TASK_LINK	2/3/4 pieces	EQUIP	EquipmentBehaviors	intrinsic behavior	per_player	false	refresh on equipment change	Does not gate weapons
taiyi	taiyi	armor	EXISTING	NO_CURRENT_TASK_LINK	2/3/4 pieces	EQUIP	EquipmentBehaviors	intrinsic behavior	per_player	false	refresh on equipment change	EquipmentBehaviors.cooldown covers Qimen, flute, school guard/edict and reusable relic skills; consumables and passive proc/last-stand cooldowns excluded; four-piece XP>=30 golden VFX#14 with existing 6000-tick lease
ziwei	ziwei	armor	EXISTING	NO_CURRENT_TASK_LINK	2/3/4 pieces	EQUIP	EquipmentBehaviors	intrinsic behavior	per_player	false	refresh on equipment change	Does not gate weapons
hunyuan	hunyuan	armor	EXISTING	NO_CURRENT_TASK_LINK	2/3/4 pieces	EQUIP	EquipmentBehaviors	intrinsic behavior	per_player	false	refresh on equipment change	ExpansionEffects opposite Qi neutralisation -> cod4BalanceUntil 100 ticks, no active Yin/Yang -> +10%; rage 5 -> cod4HunyuanQiUntil 100 ticks, cooldown 200, equipment-scoped shared combo; verified server
hongmeng	hongmeng	armor	EXISTING	NO_CURRENT_TASK_LINK	2/3/4 pieces	EQUIP	EquipmentBehaviors	intrinsic behavior	per_player	false	refresh on equipment change	Does not gate weapons
famished_refugee	流民饥民	entity	NEW	NO_CURRENT_TASK_LINK	existing branch / optional stage	spawn hook / kill	SecondarySpawnHooks / vanilla kill credit	lightweight loot	per_player	false	persistent advancement / existing save	仅提供生态 Hook；建议接 dynasty_story_03 环境调查，不增加主线
bandit_thug	山贼喽啰	entity	NEW	NO_CURRENT_TASK_LINK	existing branch / optional stage	spawn hook / kill	SecondarySpawnHooks / vanilla kill credit	lightweight loot	per_player	false	persistent advancement / existing save	仅提供生态 Hook；建议接 dynasty_story_03 环境调查，不增加主线
night_watchman	巡夜更夫	entity	NEW	NO_CURRENT_TASK_LINK	existing branch / optional stage	spawn hook / kill	SecondarySpawnHooks / vanilla kill credit	lightweight loot	per_player	false	persistent advancement / existing save	仅提供生态 Hook；建议接 dynasty_story_03 环境调查，不增加主线
swindler	江湖骗子	entity	NEW	NO_CURRENT_TASK_LINK	existing branch / optional stage	spawn hook / kill	SecondarySpawnHooks / vanilla kill credit	lightweight loot	per_player	false	persistent advancement / existing save	SecondaryMob.swindle: injury -> one coin + UUID-bound fake medicine -> owner sneak exposure -> flee; Cod4Deception/Customer/Flee/Stolen persisted; no new quest
herb_picker	采药客	entity	NEW	NO_CURRENT_TASK_LINK	existing branch / optional stage	spawn hook / kill	SecondarySpawnHooks / vanilla kill credit	lightweight loot	per_player	false	persistent advancement / existing save	仅提供生态 Hook；建议接 dynasty_story_03 环境调查，不增加主线
red_fox	赤狐	entity	NEW	NO_CURRENT_TASK_LINK	existing branch / optional stage	spawn hook / kill	SecondarySpawnHooks / vanilla kill credit	lightweight loot	per_player	false	persistent advancement / existing save	仅提供生态 Hook；建议接 dynasty_story_03 环境调查，不增加主线
gray_wolf	灰狼	entity	NEW	NO_CURRENT_TASK_LINK	existing branch / optional stage	spawn hook / kill	SecondarySpawnHooks / vanilla kill credit	lightweight loot	per_player	false	persistent advancement / existing save	仅提供生态 Hook；建议接 dynasty_story_03 环境调查，不增加主线
wild_boar	野猪	entity	NEW	NO_CURRENT_TASK_LINK	existing branch / optional stage	spawn hook / kill	SecondarySpawnHooks / vanilla kill credit	lightweight loot	per_player	false	persistent advancement / existing save	仅提供生态 Hook；建议接 dynasty_story_03 环境调查，不增加主线
giant_python	巨蟒	entity	NEW	NO_CURRENT_TASK_LINK	existing branch / optional stage	spawn hook / kill	SecondarySpawnHooks / vanilla kill credit	lightweight loot	per_player	false	persistent advancement / existing save	仅提供生态 Hook；建议接 dynasty_story_03 环境调查，不增加主线
golden_leopard	花豹	entity	NEW	NO_CURRENT_TASK_LINK	existing branch / optional stage	spawn hook / kill	SecondarySpawnHooks / vanilla kill credit	lightweight loot	per_player	false	persistent advancement / existing save	仅提供生态 Hook；建议接 dynasty_story_03 环境调查，不增加主线
tree_spirit	树精	entity	NEW	NO_CURRENT_TASK_LINK	existing branch / optional stage	spawn hook / kill	SecondarySpawnHooks / vanilla kill credit	lightweight loot	per_player	false	persistent advancement / existing save	SecondaryMob.beginRangedSkill/fireSkillProjectile -> finite real SEED contact, root VFX via shared Cod3VisualPacket; verified server; client pending
stone_sprite	石精	entity	NEW	NO_CURRENT_TASK_LINK	existing branch / optional stage	spawn hook / kill	SecondarySpawnHooks / vanilla kill credit	lightweight loot	per_player	false	persistent advancement / existing save	SecondaryMob.beginStoneRoll: special clip + collision-aware velocity; armor +12 for 40 ticks, fixed transient UUID; no resistance potion; no new quest
lantern_ghost	灯笼鬼	entity	NEW	NO_CURRENT_TASK_LINK	existing branch / optional stage	spawn hook / kill	SecondarySpawnHooks / vanilla kill credit	lightweight loot	per_player	false	persistent advancement / existing save	SecondaryProjectile.LIGHT real contact owns blindness and soul_burn; wall/windup cancellation verified; client pending
paper_cut_child	剪纸童子	entity	NEW	NO_CURRENT_TASK_LINK	existing branch / optional stage	spawn hook / kill	SecondarySpawnHooks / vanilla kill credit	lightweight loot	per_player	false	persistent advancement / existing save	仅提供生态 Hook；建议接 dynasty_story_03 环境调查，不增加主线
river_imp	河童	entity	NEW	NO_CURRENT_TASK_LINK	existing branch / optional stage	spawn hook / kill	SecondarySpawnHooks / vanilla kill credit	lightweight loot	per_player	false	persistent advancement / existing save	SecondaryProjectile.WATER + beginWaterDrag/tickWaterDrag: visible loaded water anchor, 30 ticks, bounded force, 100-tick cooldown; real shore entry verified; client pending
drowning_ghost	水鬼	entity	NEW	NO_CURRENT_TASK_LINK	existing branch / optional stage	spawn hook / kill	SecondarySpawnHooks / vanilla kill credit	lightweight loot	per_player	false	persistent advancement / existing save	仅提供生态 Hook；建议接 dynasty_story_03 环境调查，不增加主线
carp_spirit	鲤鱼精	entity	NEW	NO_CURRENT_TASK_LINK	existing branch / optional stage	spawn hook / kill	SecondarySpawnHooks / vanilla kill credit	lightweight loot	per_player	false	persistent advancement / existing save	仅提供生态 Hook；建议接 dynasty_story_03 环境调查，不增加主线
snail_maiden	螺女	entity	NEW	NO_CURRENT_TASK_LINK	existing branch / optional stage	spawn hook / kill	SecondarySpawnHooks / vanilla kill credit	lightweight loot	per_player	false	persistent advancement / existing save	仅提供生态 Hook；建议接 dynasty_story_03 环境调查，不增加主线
crab_soldier	蟹将	entity	NEW	NO_CURRENT_TASK_LINK	existing branch / optional stage	spawn hook / kill	SecondarySpawnHooks / vanilla kill credit	lightweight loot	per_player	false	persistent advancement / existing save	仅提供生态 Hook；建议接 dynasty_story_03 环境调查，不增加主线
bat_demon	蝙蝠妖	entity	NEW	NO_CURRENT_TASK_LINK	existing branch / optional stage	spawn hook / kill	SecondarySpawnHooks / vanilla kill credit	lightweight loot	per_player	false	persistent advancement / existing save	仅提供生态 Hook；建议接 dynasty_story_03 环境调查，不增加主线
jingwei_bird	精卫鸟	entity	NEW	NO_CURRENT_TASK_LINK	existing branch / optional stage	spawn hook / kill	SecondarySpawnHooks / vanilla kill credit	lightweight loot	per_player	false	persistent advancement / existing save	SecondaryProjectile.STONE actual flint mesh + stone beak release animation; 40-tick TTL; client pending
gray_falcon	灰隼	entity	NEW	NO_CURRENT_TASK_LINK	existing branch / optional stage	spawn hook / kill	SecondarySpawnHooks / vanilla kill credit	lightweight loot	per_player	false	persistent advancement / existing save	仅提供生态 Hook；建议接 dynasty_story_03 环境调查，不增加主线
locust_swarm	飞蝗群	entity	NEW	NO_CURRENT_TASK_LINK	existing branch / optional stage	spawn hook / kill	SecondarySpawnHooks / vanilla kill credit	lightweight loot	per_player	false	persistent advancement / existing save	SecondaryMob.contactAttack: intersecting AABB only, 20-tick cooldown; single swarm entity; no new quest
corpse_beetle	尸蟞	entity	NEW	NO_CURRENT_TASK_LINK	existing branch / optional stage	spawn hook / kill	SecondarySpawnHooks / vanilla kill credit	lightweight loot	per_player	false	persistent advancement / existing save	仅提供生态 Hook；建议接 dynasty_story_03 环境调查，不增加主线
venom_scorpion	毒蝎	entity	NEW	NO_CURRENT_TASK_LINK	existing branch / optional stage	spawn hook / kill	SecondarySpawnHooks / vanilla kill credit	lightweight loot	per_player	false	persistent advancement / existing save	仅提供生态 Hook；建议接 dynasty_story_03 环境调查，不增加主线
stone_worm	石蚯龙	entity	NEW	NO_CURRENT_TASK_LINK	existing branch / optional stage	spawn hook / kill	SecondarySpawnHooks / vanilla kill credit	lightweight loot	per_player	false	persistent advancement / existing save	仅提供生态 Hook；建议接 dynasty_story_03 环境调查，不增加主线
paper_money_ghost	纸钱鬼	entity	NEW	NO_CURRENT_TASK_LINK	existing branch / optional stage	spawn hook / kill	SecondarySpawnHooks / vanilla kill credit	lightweight loot	per_player	false	persistent advancement / existing save	仅提供生态 Hook；建议接 dynasty_story_03 环境调查，不增加主线
wandering_spirit	孤魂野鬼	entity	NEW	NO_CURRENT_TASK_LINK	existing branch / optional stage	spawn hook / kill	SecondarySpawnHooks / vanilla kill credit	lightweight loot	per_player	false	persistent advancement / existing save	仅提供生态 Hook；建议接 dynasty_story_03 环境调查，不增加主线
wooden_magpie	机关木鹊	entity	NEW	NO_CURRENT_TASK_LINK	existing branch / optional stage	spawn hook / kill	SecondarySpawnHooks / vanilla kill credit	lightweight loot	per_player	false	persistent advancement / existing save	仅提供生态 Hook；建议接 dynasty_story_03 环境调查，不增加主线
clockwork_rat	发条鼠	entity	NEW	NO_CURRENT_TASK_LINK	existing branch / optional stage	spawn hook / kill	SecondarySpawnHooks / vanilla kill credit	lightweight loot	per_player	false	persistent advancement / existing save	仅提供生态 Hook；建议接 dynasty_story_03 环境调查，不增加主线
yin_qi	阴气	effect	NEW	NO_CURRENT_TASK_LINK	existing branch / optional stage	combat trigger	ExpansionEffects.apply	combat behavior	per_player	false	persistent advancement / existing save	无需独立任务；由武器、怪物和装备触发
yang_qi	阳气	effect	NEW	NO_CURRENT_TASK_LINK	existing branch / optional stage	combat trigger	ExpansionEffects.apply	combat behavior	per_player	false	persistent advancement / existing save	无需独立任务；由武器、怪物和装备触发
sha_qi	煞气	effect	NEW	NO_CURRENT_TASK_LINK	existing branch / optional stage	combat trigger	ExpansionEffects.apply	combat behavior	per_player	false	persistent advancement / existing save	ExpansionEffects + EffectPresentation: entity-bound black-purple vines; explicit remove/expire packet and gold purification feedback
thunder_mark	雷印	effect	NEW	NO_CURRENT_TASK_LINK	existing branch / optional stage	combat trigger	ExpansionEffects.apply	combat behavior	per_player	false	persistent advancement / existing save	One/two visible marks and electric arcs from authoritative amplifier; third layer consumes marks and damages once, VFX#31 detonation
soul_burn	灼魂	effect	NEW	NO_CURRENT_TASK_LINK	existing branch / optional stage	combat trigger	ExpansionEffects.apply	combat behavior	per_player	false	persistent advancement / existing save	Existing active tomb_candle cleanse removes SOUL every 40 ticks; EffectPresentation blue flame geometry and soul-fire particles; explicit clear
frost_vein	寒脉	effect	NEW	NO_CURRENT_TASK_LINK	existing branch / optional stage	combat trigger	ExpansionEffects.apply	combat behavior	per_player	false	persistent advancement / existing save	无需独立任务；由武器、怪物和装备触发
armor_break	裂甲	effect	NEW	NO_CURRENT_TASK_LINK	existing branch / optional stage	combat trigger	ExpansionEffects.apply	combat behavior	per_player	false	persistent advancement / existing save	LivingWorkshopBlock.REPAIR sneak + sprite_jade cleanse retained; EffectPresentation entity-bound armor cracks and explicit clear; no durability repair
stagger	破势	effect	NEW	NO_CURRENT_TASK_LINK	existing branch / optional stage	combat trigger	ExpansionEffects.apply	combat behavior	per_player	false	persistent advancement / existing save	无需独立任务；由武器、怪物和装备触发
abyss_pearl	深渊珠	accessory	EXISTING	dynasty_accessory_necklace	existing branch / optional stage	existing item / advancement	existing Curios + ContentProgress	existing recipe / loot / trinket_box	per_player	false	persistent advancement / existing save	来源见 accessory-audit.json；无任务项建议加入原槽位章节
alchemy_furnace_charm	丹炉坠	accessory	EXISTING	dynasty_accessory_charm	existing branch / optional stage	existing item / advancement	existing Curios + ContentProgress	existing recipe / loot / trinket_box	per_player	false	persistent advancement / existing save	来源见 accessory-audit.json；无任务项建议加入原槽位章节
alchemy_pendant	炼丹坠	accessory	EXISTING	dynasty_accessory_necklace	existing branch / optional stage	existing item / advancement	existing Curios + ContentProgress	existing recipe / loot / trinket_box	per_player	false	persistent advancement / existing save	来源见 accessory-audit.json；无任务项建议加入原槽位章节
armor_piercer_token	破甲符牌	accessory	EXISTING	dynasty_accessory_charm	existing branch / optional stage	existing item / advancement	existing Curios + ContentProgress	existing recipe / loot / trinket_box	per_player	false	persistent advancement / existing save	来源见 accessory-audit.json；无任务项建议加入原槽位章节
arrow_quiver	箭囊	accessory	EXISTING	dynasty_accessory_back	existing branch / optional stage	existing item / advancement	existing Curios + ContentProgress	existing recipe / loot / trinket_box	per_player	false	persistent advancement / existing save	来源见 accessory-audit.json；无任务项建议加入原槽位章节
auspicious_bell	瑞兽铃	accessory	EXISTING	dynasty_accessory_charm	existing branch / optional stage	existing item / advancement	existing Curios + ContentProgress	existing recipe / loot / trinket_box	per_player	false	persistent advancement / existing save	来源见 accessory-audit.json；无任务项建议加入原槽位章节
bagua_mirror	八卦镜	accessory	EXISTING	dynasty_accessory_charm	existing branch / optional stage	existing item / advancement	existing Curios + ContentProgress	existing recipe / loot / trinket_box	per_player	false	persistent advancement / existing save	来源见 accessory-audit.json；无任务项建议加入原槽位章节
baizhan_ring	百战戒	accessory	EXISTING	dynasty_build_sword	existing branch / optional stage	existing item / advancement	existing Curios + ContentProgress	existing recipe / loot / trinket_box	per_player	false	persistent advancement / existing save	来源见 accessory-audit.json；无任务项建议加入原槽位章节
bamboo_flute	竹笛	accessory	EXISTING	dynasty_accessory_charm	existing branch / optional stage	existing item / advancement	existing Curios + ContentProgress	existing recipe / loot / trinket_box	per_player	false	persistent advancement / existing save	来源见 accessory-audit.json；无任务项建议加入原槽位章节
bear_paw	熊掌	accessory	EXISTING	dynasty_accessory_hands	existing branch / optional stage	existing item / advancement	existing Curios + ContentProgress	existing recipe / loot / trinket_box	per_player	false	persistent advancement / existing save	来源见 accessory-audit.json；无任务项建议加入原槽位章节
beichen_heartguard	北辰护心镜	accessory	EXISTING	dynasty_build_guard	existing branch / optional stage	existing item / advancement	existing Curios + ContentProgress	existing recipe / loot / trinket_box	per_player	false	persistent advancement / existing save	来源见 accessory-audit.json；无任务项建议加入原槽位章节
belt_buckle	腰带扣	accessory	EXISTING	dynasty_accessory_belt	existing branch / optional stage	existing item / advancement	existing Curios + ContentProgress	existing recipe / loot / trinket_box	per_player	false	persistent advancement / existing save	来源见 accessory-audit.json；无任务项建议加入原槽位章节
blood_iron_sash	血铁腰带	accessory	EXISTING	dynasty_accessory_belt	existing branch / optional stage	existing item / advancement	existing Curios + ContentProgress	existing recipe / loot / trinket_box	per_player	false	persistent advancement / existing save	来源见 accessory-audit.json；无任务项建议加入原槽位章节
blood_oath_seal	血誓印	accessory	EXISTING	dynasty_accessory_charm	existing branch / optional stage	existing item / advancement	existing Curios + ContentProgress	existing recipe / loot / trinket_box	per_player	false	persistent advancement / existing save	来源见 accessory-audit.json；无任务项建议加入原槽位章节
bone_chill_pendant	寒骨佩	accessory	EXISTING	dynasty_accessory_necklace;dynasty_story_05	existing branch / optional stage	existing item / advancement	existing Curios + ContentProgress	existing recipe / loot / trinket_box	per_player	false	persistent advancement / existing save	来源见 accessory-audit.json；无任务项建议加入原槽位章节
bone_reaper_tally	白骨算筹	accessory	EXISTING	dynasty_accessory_charm	existing branch / optional stage	existing item / advancement	existing Curios + ContentProgress	existing recipe / loot / trinket_box	per_player	false	persistent advancement / existing save	来源见 accessory-audit.json；无任务项建议加入原槽位章节
bow_string	弓弦护腕	accessory	EXISTING	dynasty_accessory_bracelet	existing branch / optional stage	existing item / advancement	existing Curios + ContentProgress	existing recipe / loot / trinket_box	per_player	false	persistent advancement / existing save	来源见 accessory-audit.json；无任务项建议加入原槽位章节
brush_rack	笔架坠	accessory	EXISTING	dynasty_accessory_charm	existing branch / optional stage	existing item / advancement	existing Curios + ContentProgress	existing recipe / loot / trinket_box	per_player	false	persistent advancement / existing save	来源见 accessory-audit.json；无任务项建议加入原槽位章节
buzhou_armlet	不周臂环	accessory	EXISTING	dynasty_build_guard	existing branch / optional stage	existing item / advancement	existing Curios + ContentProgress	existing recipe / loot / trinket_box	per_player	false	persistent advancement / existing save	来源见 accessory-audit.json；无任务项建议加入原槽位章节
candle_of_the_dead	亡者烛	accessory	EXISTING	dynasty_accessory_charm	existing branch / optional stage	existing item / advancement	existing Curios + ContentProgress	existing recipe / loot / trinket_box	per_player	false	persistent advancement / existing save	来源见 accessory-audit.json；无任务项建议加入原槽位章节
cavalry_sash	铁骑带	accessory	EXISTING	dynasty_accessory_belt	existing branch / optional stage	existing item / advancement	existing Curios + ContentProgress	existing recipe / loot / trinket_box	per_player	false	persistent advancement / existing save	来源见 accessory-audit.json；无任务项建议加入原槽位章节
cinnabar_pouch	朱砂囊	accessory	EXISTING	dynasty_accessory_belt	existing branch / optional stage	existing item / advancement	existing Curios + ContentProgress	existing recipe / loot / trinket_box	per_player	false	persistent advancement / existing save	来源见 accessory-audit.json；无任务项建议加入原槽位章节
cloud_brocade	云锦囊	accessory	EXISTING	dynasty_accessory_body	existing branch / optional stage	existing item / advancement	existing Curios + ContentProgress	existing recipe / loot / trinket_box	per_player	false	persistent advancement / existing save	来源见 accessory-audit.json；无任务项建议加入原槽位章节
cloud_pattern	云纹佩	accessory	EXISTING	dynasty_accessory_charm	existing branch / optional stage	existing item / advancement	existing Curios + ContentProgress	existing recipe / loot / trinket_box	per_player	false	persistent advancement / existing save	来源见 accessory-audit.json；无任务项建议加入原槽位章节
conch_horn	海螺号	accessory	EXISTING	dynasty_accessory_charm	existing branch / optional stage	existing item / advancement	existing Curios + ContentProgress	existing recipe / loot / trinket_box	per_player	false	persistent advancement / existing save	来源见 accessory-audit.json；无任务项建议加入原槽位章节
crane_feather	鹤羽	accessory	EXISTING	dynasty_accessory_back	existing branch / optional stage	existing item / advancement	existing Curios + ContentProgress	existing recipe / loot / trinket_box	per_player	false	persistent advancement / existing save	来源见 accessory-audit.json；无任务项建议加入原槽位章节
crimson_pact_charm	血契坠	accessory	EXISTING	dynasty_accessory_necklace	existing branch / optional stage	existing item / advancement	existing Curios + ContentProgress	existing recipe / loot / trinket_box	per_player	false	persistent advancement / existing save	来源见 accessory-audit.json；无任务项建议加入原槽位章节
dawn_blade_charm	破晓刃坠	accessory	EXISTING	dynasty_accessory_charm	existing branch / optional stage	existing item / advancement	existing Curios + ContentProgress	existing recipe / loot / trinket_box	per_player	false	persistent advancement / existing save	来源见 accessory-audit.json；无任务项建议加入原槽位章节
dawn_drum	晨钟坠	accessory	EXISTING	dynasty_accessory_hands	existing branch / optional stage	existing item / advancement	existing Curios + ContentProgress	existing recipe / loot / trinket_box	per_player	false	persistent advancement / existing save	来源见 accessory-audit.json；无任务项建议加入原槽位章节
deathbed_talisman	榻前符	accessory	EXISTING	dynasty_accessory_charm	existing branch / optional stage	existing item / advancement	existing Curios + ContentProgress	existing recipe / loot / trinket_box	per_player	false	persistent advancement / existing save	来源见 accessory-audit.json；无任务项建议加入原槽位章节
deer_antler	鹿角	accessory	EXISTING	dynasty_c10	existing branch / optional stage	existing item / advancement	existing Curios + ContentProgress	existing recipe / loot / trinket_box	per_player	false	persistent advancement / existing save	来源见 accessory-audit.json；无任务项建议加入原槽位章节
dingfeng_silk	定风帛	accessory	EXISTING	dynasty_build_talisman	existing branch / optional stage	existing item / advancement	existing Curios + ContentProgress	existing recipe / loot / trinket_box	per_player	false	persistent advancement / existing save	来源见 accessory-audit.json；无任务项建议加入原槽位章节
disha_talisman	地煞符	accessory	EXISTING	dynasty_accessory_charm	existing branch / optional stage	existing item / advancement	existing Curios + ContentProgress	existing recipe / loot / trinket_box	per_player	false	persistent advancement / existing save	来源见 accessory-audit.json；无任务项建议加入原槽位章节
diver_signet	潜蛟印	accessory	EXISTING	dynasty_accessory_charm	existing branch / optional stage	existing item / advancement	existing Curios + ContentProgress	existing recipe / loot / trinket_box	per_player	false	persistent advancement / existing save	来源见 accessory-audit.json；无任务项建议加入原槽位章节
dragon_blood_pearl	龙血珠	accessory	EXISTING	dynasty_accessory_charm	existing branch / optional stage	existing item / advancement	existing Curios + ContentProgress	existing recipe / loot / trinket_box	per_player	false	persistent advancement / existing save	来源见 accessory-audit.json；无任务项建议加入原槽位章节
dragon_bone_ring	龙骨戒	accessory	EXISTING	dynasty_accessory_ring;dynasty_story_05	existing branch / optional stage	existing item / advancement	existing Curios + ContentProgress	existing recipe / loot / trinket_box	per_player	false	persistent advancement / existing save	来源见 accessory-audit.json；无任务项建议加入原槽位章节
dragon_king_scale	龙王逆鳞	accessory	EXISTING	dynasty_accessory_body	existing branch / optional stage	existing item / advancement	existing Curios + ContentProgress	existing recipe / loot / trinket_box	per_player	false	persistent advancement / existing save	来源见 accessory-audit.json；无任务项建议加入原槽位章节
dragon_pearl	龙珠	accessory	EXISTING	dynasty_accessory_charm	existing branch / optional stage	existing item / advancement	existing Curios + ContentProgress	existing recipe / loot / trinket_box	per_player	false	persistent advancement / existing save	来源见 accessory-audit.json；无任务项建议加入原槽位章节
dragon_robe_sash	龙袍玉带	accessory	EXISTING	dynasty_accessory_belt	existing branch / optional stage	existing item / advancement	existing Curios + ContentProgress	existing recipe / loot / trinket_box	per_player	false	persistent advancement / existing save	来源见 accessory-audit.json；无任务项建议加入原槽位章节
dragon_scale_charm	龙鳞护符	accessory	EXISTING	dynasty_accessory_necklace	existing branch / optional stage	existing item / advancement	existing Curios + ContentProgress	existing recipe / loot / trinket_box	per_player	false	persistent advancement / existing save	来源见 accessory-audit.json；无任务项建议加入原槽位章节
dragon_scale_sash	龙鳞带	accessory	EXISTING	dynasty_accessory_belt	existing branch / optional stage	existing item / advancement	existing Curios + ContentProgress	existing recipe / loot / trinket_box	per_player	false	persistent advancement / existing save	来源见 accessory-audit.json；无任务项建议加入原槽位章节
dragon_whisker	龙须穗	accessory	EXISTING	dynasty_accessory_belt	existing branch / optional stage	existing item / advancement	existing Curios + ContentProgress	existing recipe / loot / trinket_box	per_player	false	persistent advancement / existing save	来源见 accessory-audit.json；无任务项建议加入原槽位章节
drum_beater	鼓槌	accessory	EXISTING	dynasty_accessory_hands	existing branch / optional stage	existing item / advancement	existing Curios + ContentProgress	existing recipe / loot / trinket_box	per_player	false	persistent advancement / existing save	来源见 accessory-audit.json；无任务项建议加入原槽位章节
dusk_raider_badge	夜袭徽	accessory	EXISTING	dynasty_accessory_charm	existing branch / optional stage	existing item / advancement	existing Curios + ContentProgress	existing recipe / loot / trinket_box	per_player	false	persistent advancement / existing save	来源见 accessory-audit.json；无任务项建议加入原槽位章节
dusk_veil_charm	暮色帷幕	accessory	EXISTING	dynasty_accessory_charm	existing branch / optional stage	existing item / advancement	existing Curios + ContentProgress	existing recipe / loot / trinket_box	per_player	false	persistent advancement / existing save	来源见 accessory-audit.json；无任务项建议加入原槽位章节
eclipse_bead	蚀月珠	accessory	EXISTING	dynasty_accessory_necklace	existing branch / optional stage	existing item / advancement	existing Curios + ContentProgress	existing recipe / loot / trinket_box	per_player	false	persistent advancement / existing save	来源见 accessory-audit.json；无任务项建议加入原槽位章节
edict_of_dragon	龙威敕令	accessory	EXISTING	dynasty_accessory_charm	existing branch / optional stage	existing item / advancement	existing Curios + ContentProgress	existing recipe / loot / trinket_box	per_player	false	persistent advancement / existing save	来源见 accessory-audit.json；无任务项建议加入原槽位章节
edict_of_dread	威慑敕令	accessory	EXISTING	dynasty_accessory_charm	existing branch / optional stage	existing item / advancement	existing Curios + ContentProgress	existing recipe / loot / trinket_box	per_player	false	persistent advancement / existing save	来源见 accessory-audit.json；无任务项建议加入原槽位章节
edict_of_iron	铁壁敕令	accessory	EXISTING	dynasty_accessory_charm	existing branch / optional stage	existing item / advancement	existing Curios + ContentProgress	existing recipe / loot / trinket_box	per_player	false	persistent advancement / existing save	来源见 accessory-audit.json；无任务项建议加入原槽位章节
edict_of_loyalty	忠诚敕令	accessory	EXISTING	dynasty_accessory_charm	existing branch / optional stage	existing item / advancement	existing Curios + ContentProgress	existing recipe / loot / trinket_box	per_player	false	persistent advancement / existing save	来源见 accessory-audit.json；无任务项建议加入原槽位章节
edict_of_mandate	天命敕令	accessory	EXISTING	dynasty_accessory_charm	existing branch / optional stage	existing item / advancement	existing Curios + ContentProgress	existing recipe / loot / trinket_box	per_player	false	persistent advancement / existing save	来源见 accessory-audit.json；无任务项建议加入原槽位章节
edict_of_swift	疾风敕令	accessory	EXISTING	dynasty_accessory_charm	existing branch / optional stage	existing item / advancement	existing Curios + ContentProgress	existing recipe / loot / trinket_box	per_player	false	persistent advancement / existing save	来源见 accessory-audit.json；无任务项建议加入原槽位章节
flesh_gamble_dice	血肉骰	accessory	EXISTING	dynasty_accessory_charm	existing branch / optional stage	existing item / advancement	existing Curios + ContentProgress	existing recipe / loot / trinket_box	per_player	false	persistent advancement / existing save	来源见 accessory-audit.json；无任务项建议加入原槽位章节
folding_fan	折扇	accessory	EXISTING	dynasty_accessory_hands	existing branch / optional stage	existing item / advancement	existing Curios + ContentProgress	existing recipe / loot / trinket_box	per_player	false	persistent advancement / existing save	来源见 accessory-audit.json；无任务项建议加入原槽位章节
fox_spirit_pendant	狐灵佩	accessory	EXISTING	dynasty_accessory_necklace	existing branch / optional stage	existing item / advancement	existing Curios + ContentProgress	existing recipe / loot / trinket_box	per_player	false	persistent advancement / existing save	来源见 accessory-audit.json；无任务项建议加入原槽位章节
fox_tail_charm	狐尾坠	accessory	EXISTING	dynasty_accessory_belt	existing branch / optional stage	existing item / advancement	existing Curios + ContentProgress	existing recipe / loot / trinket_box	per_player	false	persistent advancement / existing save	来源见 accessory-audit.json；无任务项建议加入原槽位章节
ghost_ferry_tally	渡鬼符	accessory	EXISTING	dynasty_accessory_charm	existing branch / optional stage	existing item / advancement	existing Curios + ContentProgress	existing recipe / loot / trinket_box	per_player	false	persistent advancement / existing save	来源见 accessory-audit.json；无任务项建议加入原槽位章节
gilded_lotus_crown	金莲冠	accessory	EXISTING	dynasty_c10	existing branch / optional stage	existing item / advancement	existing Curios + ContentProgress	existing recipe / loot / trinket_box	per_player	false	persistent advancement / existing save	来源见 accessory-audit.json；无任务项建议加入原槽位章节
go_board	棋盘坠	accessory	EXISTING	dynasty_accessory_charm	existing branch / optional stage	existing item / advancement	existing Curios + ContentProgress	existing recipe / loot / trinket_box	per_player	false	persistent advancement / existing save	来源见 accessory-audit.json；无任务项建议加入原槽位章节
gold_seal_charm	金印	accessory	EXISTING	dynasty_accessory_charm	existing branch / optional stage	existing item / advancement	existing Curios + ContentProgress	existing recipe / loot / trinket_box	per_player	false	persistent advancement / existing save	DynastyMerit.onFirstObtain: additional 20% source bonus before existing global merit multiplier; suppressed with merit_badge; existing seen flag, golden seal VFX#15
golden_pill	金丹	accessory	EXISTING	dynasty_accessory_charm	existing branch / optional stage	existing item / advancement	existing Curios + ContentProgress	existing recipe / loot / trinket_box	per_player	false	persistent advancement / existing save	来源见 accessory-audit.json；无任务项建议加入原槽位章节
guanri_thumbring	贯日扳指	accessory	EXISTING	dynasty_build_archer	existing branch / optional stage	existing item / advancement	existing Curios + ContentProgress	existing recipe / loot / trinket_box	per_player	false	persistent advancement / existing save	来源见 accessory-audit.json；无任务项建议加入原槽位章节
guanxing_pendant	观星坠	accessory	EXISTING	dynasty_build_archer	existing branch / optional stage	existing item / advancement	existing Curios + ContentProgress	existing recipe / loot / trinket_box	per_player	false	persistent advancement / existing save	来源见 accessory-audit.json；无任务项建议加入原槽位章节
guqin_string	古琴弦	accessory	EXISTING	dynasty_accessory_bracelet	existing branch / optional stage	existing item / advancement	existing Curios + ContentProgress	existing recipe / loot / trinket_box	per_player	false	persistent advancement / existing save	来源见 accessory-audit.json；无任务项建议加入原槽位章节
guqin_tassel	琴穗	accessory	EXISTING	dynasty_accessory_charm	existing branch / optional stage	existing item / advancement	existing Curios + ContentProgress	existing recipe / loot / trinket_box	per_player	false	persistent advancement / existing save	来源见 accessory-audit.json；无任务项建议加入原槽位章节
hawk_eye	鹰眼	accessory	EXISTING	dynasty_c10	existing branch / optional stage	existing item / advancement	existing Curios + ContentProgress	existing recipe / loot / trinket_box	per_player	false	persistent advancement / existing save	来源见 accessory-audit.json；无任务项建议加入原槽位章节
heart_mirror	护心镜	accessory	EXISTING	dynasty_accessory_body;dynasty_story_02	existing branch / optional stage	existing item / advancement	existing Curios + ContentProgress	existing recipe / loot / trinket_box	per_player	false	persistent advancement / existing save	来源见 accessory-audit.json；无任务项建议加入原槽位章节
horse_stirrup	马镫	accessory	EXISTING	dynasty_accessory_belt	existing branch / optional stage	existing item / advancement	existing Curios + ContentProgress	existing recipe / loot / trinket_box	per_player	false	persistent advancement / existing save	来源见 accessory-audit.json；无任务项建议加入原槽位章节
huben_bracer	虎贲护腕	accessory	EXISTING	dynasty_build_guard	existing branch / optional stage	existing item / advancement	existing Curios + ContentProgress	existing recipe / loot / trinket_box	per_player	false	persistent advancement / existing save	来源见 accessory-audit.json；无任务项建议加入原槽位章节
immortal_crane_feather	仙鹤羽	accessory	EXISTING	dynasty_accessory_back	existing branch / optional stage	existing item / advancement	existing Curios + ContentProgress	existing recipe / loot / trinket_box	per_player	false	persistent advancement / existing save	来源见 accessory-audit.json；无任务项建议加入原槽位章节
imperial_pearl_earring	东珠耳坠	accessory	EXISTING	dynasty_accessory_necklace	existing branch / optional stage	existing item / advancement	existing Curios + ContentProgress	existing recipe / loot / trinket_box	per_player	false	persistent advancement / existing save	来源见 accessory-audit.json；无任务项建议加入原槽位章节
imperial_seal_charm	御玺佩	accessory	EXISTING	dynasty_accessory_charm	existing branch / optional stage	existing item / advancement	existing Curios + ContentProgress	existing recipe / loot / trinket_box	per_player	false	persistent advancement / existing save	来源见 accessory-audit.json；无任务项建议加入原槽位章节
incense_sachet	香囊	accessory	EXISTING	dynasty_accessory_belt	existing branch / optional stage	existing item / advancement	existing Curios + ContentProgress	existing recipe / loot / trinket_box	per_player	false	persistent advancement / existing save	来源见 accessory-audit.json；无任务项建议加入原槽位章节
ink_slab_charm	砚台坠	accessory	EXISTING	dynasty_accessory_charm	existing branch / optional stage	existing item / advancement	existing Curios + ContentProgress	existing recipe / loot / trinket_box	per_player	false	persistent advancement / existing save	来源见 accessory-audit.json；无任务项建议加入原槽位章节
inkstone	砚台	accessory	EXISTING	dynasty_accessory_charm	existing branch / optional stage	existing item / advancement	existing Curios + ContentProgress	existing recipe / loot / trinket_box	per_player	false	persistent advancement / existing save	来源见 accessory-audit.json；无任务项建议加入原槽位章节
internal_injury_talisman	内伤符	accessory	EXISTING	dynasty_accessory_charm	existing branch / optional stage	existing item / advancement	existing Curios + ContentProgress	existing recipe / loot / trinket_box	per_player	false	persistent advancement / existing save	来源见 accessory-audit.json；无任务项建议加入原槽位章节
iron_helmet_plume	盔缨	accessory	EXISTING	dynasty_c10	existing branch / optional stage	existing item / advancement	existing Curios + ContentProgress	existing recipe / loot / trinket_box	per_player	false	persistent advancement / existing save	来源见 accessory-audit.json；无任务项建议加入原槽位章节
iron_pauldron	铁护肩	accessory	EXISTING	dynasty_accessory_body	existing branch / optional stage	existing item / advancement	existing Curios + ContentProgress	existing recipe / loot / trinket_box	per_player	false	persistent advancement / existing save	来源见 accessory-audit.json；无任务项建议加入原槽位章节
iron_ration_charm	军粮坠	accessory	EXISTING	dynasty_accessory_charm	existing branch / optional stage	existing item / advancement	existing Curios + ContentProgress	existing recipe / loot / trinket_box	per_player	false	persistent advancement / existing save	来源见 accessory-audit.json；无任务项建议加入原槽位章节
iron_waist_token	玄铁腰牌	accessory	EXISTING	dynasty_accessory_belt	existing branch / optional stage	existing item / advancement	existing Curios + ContentProgress	existing recipe / loot / trinket_box	per_player	false	persistent advancement / existing save	来源见 accessory-audit.json；无任务项建议加入原槽位章节
ivory_tusk	象牙	accessory	EXISTING	dynasty_accessory_charm	existing branch / optional stage	existing item / advancement	existing Curios + ContentProgress	existing recipe / loot / trinket_box	per_player	false	persistent advancement / existing save	来源见 accessory-audit.json；无任务项建议加入原槽位章节
jade_belt_hook	玉带钩	accessory	EXISTING	dynasty_accessory_belt	existing branch / optional stage	existing item / advancement	existing Curios + ContentProgress	existing recipe / loot / trinket_box	per_player	false	persistent advancement / existing save	来源见 accessory-audit.json；无任务项建议加入原槽位章节
jade_bi_disc	玉璧	accessory	EXISTING	dynasty_accessory_necklace	existing branch / optional stage	existing item / advancement	existing Curios + ContentProgress	existing recipe / loot / trinket_box	per_player	false	persistent advancement / existing save	来源见 accessory-audit.json；无任务项建议加入原槽位章节
jade_bixie	玉辟邪	accessory	EXISTING	dynasty_accessory_charm	existing branch / optional stage	existing item / advancement	existing Curios + ContentProgress	existing recipe / loot / trinket_box	per_player	false	persistent advancement / existing save	来源见 accessory-audit.json；无任务项建议加入原槽位章节
jade_brush_holder	玉笔筒	accessory	EXISTING	dynasty_accessory_charm	existing branch / optional stage	existing item / advancement	existing Curios + ContentProgress	existing recipe / loot / trinket_box	per_player	false	persistent advancement / existing save	来源见 accessory-audit.json；无任务项建议加入原槽位章节
jade_cicada	玉蝉	accessory	EXISTING	dynasty_accessory_charm	existing branch / optional stage	existing item / advancement	existing Curios + ContentProgress	existing recipe / loot / trinket_box	per_player	false	persistent advancement / existing save	来源见 accessory-audit.json；无任务项建议加入原槽位章节
jade_cong	玉琮	accessory	EXISTING	dynasty_accessory_charm	existing branch / optional stage	existing item / advancement	existing Curios + ContentProgress	existing recipe / loot / trinket_box	per_player	false	persistent advancement / existing save	来源见 accessory-audit.json；无任务项建议加入原槽位章节
jade_flying_apsara	玉飞天	accessory	EXISTING	dynasty_accessory_charm	existing branch / optional stage	existing item / advancement	existing Curios + ContentProgress	existing recipe / loot / trinket_box	per_player	false	persistent advancement / existing save	来源见 accessory-audit.json；无任务项建议加入原槽位章节
jade_kylin	玉麒麟	accessory	EXISTING	dynasty_accessory_charm	existing branch / optional stage	existing item / advancement	existing Curios + ContentProgress	existing recipe / loot / trinket_box	per_player	false	persistent advancement / existing save	来源见 accessory-audit.json；无任务项建议加入原槽位章节
jade_marrow_charm	玉髓佩	accessory	EXISTING	dynasty_accessory_necklace	existing branch / optional stage	existing item / advancement	existing Curios + ContentProgress	existing recipe / loot / trinket_box	per_player	false	persistent advancement / existing save	来源见 accessory-audit.json；无任务项建议加入原槽位章节
jade_pendant	玉佩	accessory	EXISTING	dynasty_accessory_necklace;dynasty_story_02	existing branch / optional stage	existing item / advancement	existing Curios + ContentProgress	existing recipe / loot / trinket_box	per_player	false	persistent advancement / existing save	来源见 accessory-audit.json；无任务项建议加入原槽位章节
jade_ring	玉扳指	accessory	EXISTING	dynasty_accessory_ring;dynasty_story_03;dynasty_story_04;dynasty_story_05;dynasty_story_07	existing branch / optional stage	existing item / advancement	existing Curios + ContentProgress	existing recipe / loot / trinket_box	per_player	false	persistent advancement / existing save	来源见 accessory-audit.json；无任务项建议加入原槽位章节
jade_ruyi	玉如意	accessory	EXISTING	dynasty_accessory_hands	existing branch / optional stage	existing item / advancement	existing Curios + ContentProgress	existing recipe / loot / trinket_box	per_player	false	persistent advancement / existing save	来源见 accessory-audit.json；无任务项建议加入原槽位章节
jade_shroud_charm	玉殓佩	accessory	EXISTING	dynasty_accessory_charm	existing branch / optional stage	existing item / advancement	existing Curios + ContentProgress	existing recipe / loot / trinket_box	per_player	false	persistent advancement / existing save	来源见 accessory-audit.json；无任务项建议加入原槽位章节
jade_silkworm	玉蚕	accessory	EXISTING	dynasty_accessory_charm	existing branch / optional stage	existing item / advancement	existing Curios + ContentProgress	existing recipe / loot / trinket_box	per_player	false	persistent advancement / existing save	来源见 accessory-audit.json；无任务项建议加入原槽位章节
jade_tortoise	玉龟符	accessory	EXISTING	dynasty_accessory_charm	existing branch / optional stage	existing item / advancement	existing Curios + ContentProgress	existing recipe / loot / trinket_box	per_player	false	persistent advancement / existing save	来源见 accessory-audit.json；无任务项建议加入原槽位章节
jade_zhang	玉璋	accessory	EXISTING	dynasty_accessory_charm	existing branch / optional stage	existing item / advancement	existing Curios + ContentProgress	existing recipe / loot / trinket_box	per_player	false	persistent advancement / existing save	来源见 accessory-audit.json；无任务项建议加入原槽位章节
jinwu_quiver	金乌箭囊	accessory	EXISTING	dynasty_build_archer	existing branch / optional stage	existing item / advancement	existing Curios + ContentProgress	existing recipe / loot / trinket_box	per_player	false	persistent advancement / existing save	来源见 accessory-audit.json；无任务项建议加入原槽位章节
karma_ledger_charm	因果牒	accessory	EXISTING	dynasty_accessory_charm	existing branch / optional stage	existing item / advancement	existing Curios + ContentProgress	existing recipe / loot / trinket_box	per_player	false	persistent advancement / existing save	来源见 accessory-audit.json；无任务项建议加入原槽位章节
knee_guard	护膝	accessory	EXISTING	dynasty_accessory_body	existing branch / optional stage	existing item / advancement	existing Curios + ContentProgress	existing recipe / loot / trinket_box	per_player	false	persistent advancement / existing save	来源见 accessory-audit.json；无任务项建议加入原槽位章节
leibu_seal	雷部印	accessory	EXISTING	dynasty_build_talisman	existing branch / optional stage	existing item / advancement	existing Curios + ContentProgress	existing recipe / loot / trinket_box	per_player	false	persistent advancement / existing save	来源见 accessory-audit.json；无任务项建议加入原槽位章节
leopard_tail	豹尾	accessory	EXISTING	dynasty_accessory_belt	existing branch / optional stage	existing item / advancement	existing Curios + ContentProgress	existing recipe / loot / trinket_box	per_player	false	persistent advancement / existing save	来源见 accessory-audit.json；无任务项建议加入原槽位章节
liancheng_tassel	连城剑穗	accessory	EXISTING	dynasty_build_sword	existing branch / optional stage	existing item / advancement	existing Curios + ContentProgress	existing recipe / loot / trinket_box	per_player	false	persistent advancement / existing save	来源见 accessory-audit.json；无任务项建议加入原槽位章节
lifedrain_ring	汲生戒	accessory	EXISTING	dynasty_accessory_ring	existing branch / optional stage	existing item / advancement	existing Curios + ContentProgress	existing recipe / loot / trinket_box	per_player	false	persistent advancement / existing save	来源见 accessory-audit.json；无任务项建议加入原槽位章节
lingwen_pendant	灵纹佩	accessory	EXISTING	dynasty_build_talisman	existing branch / optional stage	existing item / advancement	existing Curios + ContentProgress	existing recipe / loot / trinket_box	per_player	false	persistent advancement / existing save	来源见 accessory-audit.json；无任务项建议加入原槽位章节
mandarin_rank_badge	补子官徽	accessory	EXISTING	dynasty_accessory_body	existing branch / optional stage	existing item / advancement	existing Curios + ContentProgress	existing recipe / loot / trinket_box	per_player	false	persistent advancement / existing save	来源见 accessory-audit.json；无任务项建议加入原槽位章节
merit_badge	功牌	accessory	EXISTING	dynasty_accessory_body	existing branch / optional stage	existing item / advancement	existing Curios + ContentProgress	existing recipe / loot / trinket_box	per_player	false	persistent advancement / existing save	来源见 accessory-audit.json；无任务项建议加入原槽位章节
mingxian_ring	鸣弦环	accessory	EXISTING	dynasty_build_archer	existing branch / optional stage	existing item / advancement	existing Curios + ContentProgress	existing recipe / loot / trinket_box	per_player	false	persistent advancement / existing save	来源见 accessory-audit.json；无任务项建议加入原槽位章节
mirror_pouch	铜镜袋	accessory	EXISTING	dynasty_accessory_belt	existing branch / optional stage	existing item / advancement	existing Curios + ContentProgress	existing recipe / loot / trinket_box	per_player	false	persistent advancement / existing save	来源见 accessory-audit.json；无任务项建议加入原槽位章节
moon_pendant	明月佩	accessory	EXISTING	dynasty_accessory_necklace	existing branch / optional stage	existing item / advancement	existing Curios + ContentProgress	existing recipe / loot / trinket_box	per_player	false	persistent advancement / existing save	来源见 accessory-audit.json；无任务项建议加入原槽位章节
moonlit_mirror	月华镜	accessory	EXISTING	dynasty_accessory_body	existing branch / optional stage	existing item / advancement	existing Curios + ContentProgress	existing recipe / loot / trinket_box	per_player	false	persistent advancement / existing save	来源见 accessory-audit.json；无任务项建议加入原槽位章节
nether_binding_ring	幽冥缚戒	accessory	EXISTING	dynasty_accessory_ring	existing branch / optional stage	existing item / advancement	existing Curios + ContentProgress	existing recipe / loot / trinket_box	per_player	false	persistent advancement / existing save	来源见 accessory-audit.json；无任务项建议加入原槽位章节
night_heron_feather	夜鹭羽	accessory	EXISTING	dynasty_accessory_back	existing branch / optional stage	existing item / advancement	existing Curios + ContentProgress	existing recipe / loot / trinket_box	per_player	false	persistent advancement / existing save	来源见 accessory-audit.json；无任务项建议加入原槽位章节
noon_pendant	正阳佩	accessory	EXISTING	dynasty_accessory_necklace	existing branch / optional stage	existing item / advancement	existing Curios + ContentProgress	existing recipe / loot / trinket_box	per_player	false	persistent advancement / existing save	来源见 accessory-audit.json；无任务项建议加入原槽位章节
peach_sword	桃木剑	accessory	EXISTING	dynasty_accessory_charm	existing branch / optional stage	existing item / advancement	existing Curios + ContentProgress	existing recipe / loot / trinket_box	per_player	false	persistent advancement / existing save	来源见 accessory-audit.json；无任务项建议加入原槽位章节
pearl_net_charm	珠网坠	accessory	EXISTING	dynasty_accessory_charm	existing branch / optional stage	existing item / advancement	existing Curios + ContentProgress	existing recipe / loot / trinket_box	per_player	false	persistent advancement / existing save	来源见 accessory-audit.json；无任务项建议加入原槽位章节
phoenix_feather_charm	凤羽翎	accessory	EXISTING	dynasty_c10	existing branch / optional stage	existing item / advancement	existing Curios + ContentProgress	existing recipe / loot / trinket_box	per_player	false	persistent advancement / existing save	来源见 accessory-audit.json；无任务项建议加入原槽位章节
phoenix_hairpin	凤钗	accessory	EXISTING	dynasty_c10	existing branch / optional stage	existing item / advancement	existing Curios + ContentProgress	existing recipe / loot / trinket_box	per_player	false	persistent advancement / existing save	来源见 accessory-audit.json；无任务项建议加入原槽位章节
phoenix_ring	凤凰指环	accessory	EXISTING	dynasty_accessory_ring	existing branch / optional stage	existing item / advancement	existing Curios + ContentProgress	existing recipe / loot / trinket_box	per_player	false	persistent advancement / existing save	来源见 accessory-audit.json；无任务项建议加入原槽位章节
phoenix_wing_charm	凤翼坠	accessory	EXISTING	dynasty_accessory_back	existing branch / optional stage	existing item / advancement	existing Curios + ContentProgress	existing recipe / loot / trinket_box	per_player	false	persistent advancement / existing save	来源见 accessory-audit.json；无任务项建议加入原槽位章节
pike_tassel	枪缨	accessory	EXISTING	dynasty_accessory_belt	existing branch / optional stage	existing item / advancement	existing Curios + ContentProgress	existing recipe / loot / trinket_box	per_player	false	persistent advancement / existing save	来源见 accessory-audit.json；无任务项建议加入原槽位章节
poem_scroll	诗文卷轴	accessory	EXISTING	dynasty_accessory_charm	existing branch / optional stage	existing item / advancement	existing Curios + ContentProgress	existing recipe / loot / trinket_box	per_player	false	persistent advancement / existing save	来源见 accessory-audit.json；无任务项建议加入原槽位章节
pojun_ring	破军戒	accessory	EXISTING	dynasty_build_sword	existing branch / optional stage	existing item / advancement	existing Curios + ContentProgress	existing recipe / loot / trinket_box	per_player	false	persistent advancement / existing save	来源见 accessory-audit.json；无任务项建议加入原槽位章节
purple_qi_pearl	紫气珠	accessory	EXISTING	dynasty_accessory_charm	existing branch / optional stage	existing item / advancement	existing Curios + ContentProgress	existing recipe / loot / trinket_box	per_player	false	persistent advancement / existing save	来源见 accessory-audit.json；无任务项建议加入原槽位章节
qilin_hoof_charm	麒麟蹄	accessory	EXISTING	dynasty_accessory_charm	existing branch / optional stage	existing item / advancement	existing Curios + ContentProgress	existing recipe / loot / trinket_box	per_player	false	persistent advancement / existing save	来源见 accessory-audit.json；无任务项建议加入原槽位章节
qilin_horn_charm	麒麟角坠	accessory	EXISTING	dynasty_accessory_necklace	existing branch / optional stage	existing item / advancement	existing Curios + ContentProgress	existing recipe / loot / trinket_box	per_player	false	persistent advancement / existing save	来源见 accessory-audit.json；无任务项建议加入原槽位章节
qixing_sword_knot	七星剑结	accessory	EXISTING	dynasty_build_sword	existing branch / optional stage	existing item / advancement	existing Curios + ContentProgress	existing recipe / loot / trinket_box	per_player	false	persistent advancement / existing save	来源见 accessory-audit.json；无任务项建议加入原槽位章节
quickdraw_glove	疾抽手套	accessory	EXISTING	dynasty_accessory_hands	existing branch / optional stage	existing item / advancement	existing Curios + ContentProgress	existing recipe / loot / trinket_box	per_player	false	persistent advancement / existing save	来源见 accessory-audit.json；无任务项建议加入原槽位章节
rain_prayer_knot	祈雨结	accessory	EXISTING	dynasty_accessory_charm	existing branch / optional stage	existing item / advancement	existing Curios + ContentProgress	existing recipe / loot / trinket_box	per_player	false	persistent advancement / existing save	来源见 accessory-audit.json；无任务项建议加入原槽位章节
ranging_compass_charm	望距罗盘	accessory	EXISTING	dynasty_accessory_charm	existing branch / optional stage	existing item / advancement	existing Curios + ContentProgress	existing recipe / loot / trinket_box	per_player	false	persistent advancement / existing save	来源见 accessory-audit.json；无任务项建议加入原槽位章节
rhino_horn	犀角	accessory	EXISTING	dynasty_accessory_charm	existing branch / optional stage	existing item / advancement	existing Curios + ContentProgress	existing recipe / loot / trinket_box	per_player	false	persistent advancement / existing save	来源见 accessory-audit.json；无任务项建议加入原槽位章节
saber_tassel	刀穗	accessory	EXISTING	dynasty_accessory_belt	existing branch / optional stage	existing item / advancement	existing Curios + ContentProgress	existing recipe / loot / trinket_box	per_player	false	persistent advancement / existing save	来源见 accessory-audit.json；无任务项建议加入原槽位章节
sacrificial_blade_charm	祭刃坠	accessory	EXISTING	dynasty_accessory_charm	existing branch / optional stage	existing item / advancement	existing Curios + ContentProgress	existing recipe / loot / trinket_box	per_player	false	persistent advancement / existing save	来源见 accessory-audit.json；无任务项建议加入原槽位章节
sanqing_talisman_chain	三清符链	accessory	EXISTING	dynasty_build_talisman	existing branch / optional stage	existing item / advancement	existing Curios + ContentProgress	existing recipe / loot / trinket_box	per_player	false	persistent advancement / existing save	来源见 accessory-audit.json；无任务项建议加入原槽位章节
scale_plate	甲片	accessory	EXISTING	dynasty_accessory_body	existing branch / optional stage	existing item / advancement	existing Curios + ContentProgress	existing recipe / loot / trinket_box	per_player	false	persistent advancement / existing save	来源见 accessory-audit.json；无任务项建议加入原槽位章节
scarlet_lotus	血莲	accessory	EXISTING	dynasty_accessory_charm	existing branch / optional stage	existing item / advancement	existing Curios + ContentProgress	existing recipe / loot / trinket_box	per_player	false	persistent advancement / existing save	来源见 accessory-audit.json；无任务项建议加入原槽位章节
scholar_ink_badge	墨玉印坠	accessory	EXISTING	dynasty_accessory_body	existing branch / optional stage	existing item / advancement	existing Curios + ContentProgress	existing recipe / loot / trinket_box	per_player	false	persistent advancement / existing save	来源见 accessory-audit.json；无任务项建议加入原槽位章节
scroll_case_charm	书箱坠	accessory	EXISTING	dynasty_accessory_back	existing branch / optional stage	existing item / advancement	existing Curios + ContentProgress	existing recipe / loot / trinket_box	per_player	false	persistent advancement / existing save	来源见 accessory-audit.json；无任务项建议加入原槽位章节
sea_conch	海螺	accessory	EXISTING	dynasty_accessory_charm;dynasty_story_07	existing branch / optional stage	existing item / advancement	existing Curios + ContentProgress	existing recipe / loot / trinket_box	per_player	false	persistent advancement / existing save	来源见 accessory-audit.json；无任务项建议加入原槽位章节
sea_pearl	避水珠	accessory	EXISTING	dynasty_accessory_charm;dynasty_story_07	existing branch / optional stage	existing item / advancement	existing Curios + ContentProgress	existing recipe / loot / trinket_box	per_player	false	persistent advancement / existing save	来源见 accessory-audit.json；无任务项建议加入原槽位章节
seal_charm	印章坠	accessory	EXISTING	dynasty_accessory_charm	existing branch / optional stage	existing item / advancement	existing Curios + ContentProgress	existing recipe / loot / trinket_box	per_player	false	persistent advancement / existing save	来源见 accessory-audit.json；无任务项建议加入原槽位章节
seal_of_two_heavens	双天印	accessory	EXISTING	dynasty_accessory_charm	existing branch / optional stage	existing item / advancement	existing Curios + ContentProgress	existing recipe / loot / trinket_box	per_player	false	persistent advancement / existing save	来源见 accessory-audit.json；无任务项建议加入原槽位章节
shanyue_bracelet	山岳镯	accessory	EXISTING	dynasty_build_guard	existing branch / optional stage	existing item / advancement	existing Curios + ContentProgress	existing recipe / loot / trinket_box	per_player	false	persistent advancement / existing save	来源见 accessory-audit.json；无任务项建议加入原槽位章节
shenji_quiver	神机箭囊	accessory	EXISTING	dynasty_build_archer	existing branch / optional stage	existing item / advancement	existing Curios + ContentProgress	existing recipe / loot / trinket_box	per_player	false	persistent advancement / existing save	来源见 accessory-audit.json；无任务项建议加入原槽位章节
sheyue_thumbring	射月扳指	accessory	EXISTING	dynasty_build_archer	existing branch / optional stage	existing item / advancement	existing Curios + ContentProgress	existing recipe / loot / trinket_box	per_player	false	persistent advancement / existing save	来源见 accessory-audit.json；无任务项建议加入原槽位章节
siege_hammer_charm	破阵锤坠	accessory	EXISTING	dynasty_accessory_charm	existing branch / optional stage	existing item / advancement	existing Curios + ContentProgress	existing recipe / loot / trinket_box	per_player	false	persistent advancement / existing save	来源见 accessory-audit.json；无任务项建议加入原槽位章节
sitian_seal	司天印	accessory	EXISTING	dynasty_build_talisman	existing branch / optional stage	existing item / advancement	existing Curios + ContentProgress	existing recipe / loot / trinket_box	per_player	false	persistent advancement / existing save	来源见 accessory-audit.json；无任务项建议加入原槽位章节
sky_feather	天羽	accessory	EXISTING	dynasty_accessory_back	existing branch / optional stage	existing item / advancement	existing Curios + ContentProgress	existing recipe / loot / trinket_box	per_player	false	persistent advancement / existing save	来源见 accessory-audit.json；无任务项建议加入原槽位章节
snake_gall	蛇胆	accessory	EXISTING	dynasty_accessory_charm	existing branch / optional stage	existing item / advancement	existing Curios + ContentProgress	existing recipe / loot / trinket_box	per_player	false	persistent advancement / existing save	来源见 accessory-audit.json；无任务项建议加入原槽位章节
soul_candle_charm	命烛坠	accessory	EXISTING	dynasty_accessory_necklace	existing branch / optional stage	existing item / advancement	existing Curios + ContentProgress	existing recipe / loot / trinket_box	per_player	false	persistent advancement / existing save	来源见 accessory-audit.json；无任务项建议加入原槽位章节
south_pointing_compass	司南	accessory	EXISTING	dynasty_accessory_charm	existing branch / optional stage	existing item / advancement	existing Curios + ContentProgress	existing recipe / loot / trinket_box	per_player	false	persistent advancement / existing save	来源见 accessory-audit.json；无任务项建议加入原槽位章节
star_compass	星盘	accessory	EXISTING	dynasty_accessory_charm	existing branch / optional stage	existing item / advancement	existing Curios + ContentProgress	existing recipe / loot / trinket_box	per_player	false	persistent advancement / existing save	来源见 accessory-audit.json；无任务项建议加入原槽位章节
star_diagram_charm	星图佩	accessory	EXISTING	dynasty_accessory_charm	existing branch / optional stage	existing item / advancement	existing Curios + ContentProgress	existing recipe / loot / trinket_box	per_player	false	persistent advancement / existing save	来源见 accessory-audit.json；无任务项建议加入原槽位章节
star_dial	星斗盘	accessory	EXISTING	dynasty_accessory_charm	existing branch / optional stage	existing item / advancement	existing Curios + ContentProgress	existing recipe / loot / trinket_box	per_player	false	persistent advancement / existing save	来源见 accessory-audit.json；无任务项建议加入原槽位章节
starless_night_ring	无星夜戒	accessory	EXISTING	dynasty_accessory_ring	existing branch / optional stage	existing item / advancement	existing Curios + ContentProgress	existing recipe / loot / trinket_box	per_player	false	persistent advancement / existing save	来源见 accessory-audit.json；无任务项建议加入原槽位章节
storm_anchor_charm	镇海锚坠	accessory	EXISTING	dynasty_accessory_charm	existing branch / optional stage	existing item / advancement	existing Curios + ContentProgress	existing recipe / loot / trinket_box	per_player	false	persistent advancement / existing save	来源见 accessory-audit.json；无任务项建议加入原槽位章节
storm_charm	雷纹护符	accessory	EXISTING	dynasty_accessory_charm	existing branch / optional stage	existing item / advancement	existing Curios + ContentProgress	existing recipe / loot / trinket_box	per_player	false	persistent advancement / existing save	来源见 accessory-audit.json；无任务项建议加入原槽位章节
sun_chaser_ring	追阳戒	accessory	EXISTING	dynasty_accessory_ring	existing branch / optional stage	existing item / advancement	existing Curios + ContentProgress	existing recipe / loot / trinket_box	per_player	false	persistent advancement / existing save	来源见 accessory-audit.json；无任务项建议加入原槽位章节
sun_feather	金乌翎	accessory	EXISTING	dynasty_c10	existing branch / optional stage	existing item / advancement	existing Curios + ContentProgress	existing recipe / loot / trinket_box	per_player	false	persistent advancement / existing save	来源见 accessory-audit.json；无任务项建议加入原槽位章节
sword_tassel	剑穗	accessory	EXISTING	dynasty_accessory_belt	existing branch / optional stage	existing item / advancement	existing Curios + ContentProgress	existing recipe / loot / trinket_box	per_player	false	persistent advancement / existing save	来源见 accessory-audit.json；无任务项建议加入原槽位章节
taiqing_talisman_case	太清符匣	accessory	EXISTING	dynasty_build_talisman	existing branch / optional stage	existing item / advancement	existing Curios + ContentProgress	existing recipe / loot / trinket_box	per_player	false	persistent advancement / existing save	来源见 accessory-audit.json；无任务项建议加入原槽位章节
talisman_pouch	符纸包	accessory	EXISTING	dynasty_accessory_belt;dynasty_boss_ascent;dynasty_story_03	existing branch / optional stage	existing item / advancement	existing Curios + ContentProgress	existing recipe / loot / trinket_box	per_player	false	persistent advancement / existing save	来源见 accessory-audit.json；无任务项建议加入原槽位章节
tayun_pendant	踏云佩	accessory	EXISTING	dynasty_build_sword	existing branch / optional stage	existing item / advancement	existing Curios + ContentProgress	existing recipe / loot / trinket_box	per_player	false	persistent advancement / existing save	来源见 accessory-audit.json；无任务项建议加入原槽位章节
tea_cup	茶盏	accessory	EXISTING	dynasty_accessory_charm	existing branch / optional stage	existing item / advancement	existing Curios + ContentProgress	existing recipe / loot / trinket_box	per_player	false	persistent advancement / existing save	来源见 accessory-audit.json；无任务项建议加入原槽位章节
throne_inheritance_charm	承天佩	accessory	EXISTING	dynasty_accessory_necklace	existing branch / optional stage	existing item / advancement	existing Curios + ContentProgress	existing recipe / loot / trinket_box	per_player	false	persistent advancement / existing save	来源见 accessory-audit.json；无任务项建议加入原槽位章节
thunder_seal_charm	雷印符	accessory	EXISTING	dynasty_accessory_charm	existing branch / optional stage	existing item / advancement	existing Curios + ContentProgress	existing recipe / loot / trinket_box	per_player	false	persistent advancement / existing save	来源见 accessory-audit.json；无任务项建议加入原槽位章节
tiangang_talisman	天罡符	accessory	EXISTING	dynasty_accessory_charm;dynasty_story_06	existing branch / optional stage	existing item / advancement	existing Curios + ContentProgress	existing recipe / loot / trinket_box	per_player	false	persistent advancement / existing save	来源见 accessory-audit.json；无任务项建议加入原槽位章节
tianheng_sword_knot	天衡剑结	accessory	EXISTING	dynasty_build_sword	existing branch / optional stage	existing item / advancement	existing Curios + ContentProgress	existing recipe / loot / trinket_box	per_player	false	persistent advancement / existing save	来源见 accessory-audit.json；无任务项建议加入原槽位章节
tide_compass_charm	潮信坠	accessory	EXISTING	dynasty_accessory_charm	existing branch / optional stage	existing item / advancement	existing Curios + ContentProgress	existing recipe / loot / trinket_box	per_player	false	persistent advancement / existing save	来源见 accessory-audit.json；无任务项建议加入原槽位章节
tiger_claw	虎爪	accessory	EXISTING	dynasty_accessory_hands	existing branch / optional stage	existing item / advancement	existing Curios + ContentProgress	existing recipe / loot / trinket_box	per_player	false	persistent advancement / existing save	来源见 accessory-audit.json；无任务项建议加入原槽位章节
tiger_crest	虎符残片	accessory	EXISTING	dynasty_accessory_charm	existing branch / optional stage	existing item / advancement	existing Curios + ContentProgress	existing recipe / loot / trinket_box	per_player	false	persistent advancement / existing save	来源见 accessory-audit.json；无任务项建议加入原槽位章节
tiger_token	虎头令	accessory	EXISTING	dynasty_accessory_charm	existing branch / optional stage	existing item / advancement	existing Curios + ContentProgress	existing recipe / loot / trinket_box	per_player	false	persistent advancement / existing save	来源见 accessory-audit.json；无任务项建议加入原槽位章节
tomb_candle	长明烛	accessory	EXISTING	dynasty_accessory_charm;dynasty_story_05	existing branch / optional stage	existing item / advancement	existing Curios + ContentProgress	existing recipe / loot / trinket_box	per_player	false	persistent advancement / existing save	来源见 accessory-audit.json；无任务项建议加入原槽位章节
tomb_warden_seal	守陵印	accessory	EXISTING	dynasty_accessory_charm	existing branch / optional stage	existing item / advancement	existing Curios + ContentProgress	existing recipe / loot / trinket_box	per_player	false	persistent advancement / existing save	来源见 accessory-audit.json；无任务项建议加入原槽位章节
turtle_blood_charm	龟血符	accessory	EXISTING	dynasty_accessory_charm	existing branch / optional stage	existing item / advancement	existing Curios + ContentProgress	existing recipe / loot / trinket_box	per_player	false	persistent advancement / existing save	来源见 accessory-audit.json；无任务项建议加入原槽位章节
turtle_shell	龟甲	accessory	EXISTING	dynasty_accessory_back	existing branch / optional stage	existing item / advancement	existing Curios + ContentProgress	existing recipe / loot / trinket_box	per_player	false	persistent advancement / existing save	来源见 accessory-audit.json；无任务项建议加入原槽位章节
twilight_cicada	蝉蜕影	accessory	EXISTING	dynasty_accessory_charm	existing branch / optional stage	existing item / advancement	existing Curios + ContentProgress	existing recipe / loot / trinket_box	per_player	false	persistent advancement / existing save	来源见 accessory-audit.json；无任务项建议加入原槽位章节
unbroken_wall_charm	不倾之壁	accessory	EXISTING	dynasty_accessory_charm	existing branch / optional stage	existing item / advancement	existing Curios + ContentProgress	existing recipe / loot / trinket_box	per_player	false	persistent advancement / existing save	来源见 accessory-audit.json；无任务项建议加入原槽位章节
underworld_gate_key	鬼门钥	accessory	EXISTING	dynasty_accessory_charm	existing branch / optional stage	existing item / advancement	existing Curios + ContentProgress	existing recipe / loot / trinket_box	per_player	false	persistent advancement / existing save	来源见 accessory-audit.json；无任务项建议加入原槽位章节
wanjun_ring	万钧戒	accessory	EXISTING	dynasty_build_sword	existing branch / optional stage	existing item / advancement	existing Curios + ContentProgress	existing recipe / loot / trinket_box	per_player	false	persistent advancement / existing save	来源见 accessory-audit.json；无任务项建议加入原槽位章节
war_banner_charm	战旗坠	accessory	EXISTING	dynasty_accessory_back	existing branch / optional stage	existing item / advancement	existing Curios + ContentProgress	existing recipe / loot / trinket_box	per_player	false	persistent advancement / existing save	来源见 accessory-audit.json；无任务项建议加入原槽位章节
war_deity_signet	战神印	accessory	EXISTING	dynasty_accessory_charm	existing branch / optional stage	existing item / advancement	existing Curios + ContentProgress	existing recipe / loot / trinket_box	per_player	false	persistent advancement / existing save	来源见 accessory-audit.json；无任务项建议加入原槽位章节
war_drum_charm	战鼓坠	accessory	EXISTING	dynasty_accessory_charm	existing branch / optional stage	existing item / advancement	existing Curios + ContentProgress	existing recipe / loot / trinket_box	per_player	false	persistent advancement / existing save	来源见 accessory-audit.json；无任务项建议加入原槽位章节
war_horse_bell	战马铃	accessory	EXISTING	dynasty_accessory_belt	existing branch / optional stage	existing item / advancement	existing Curios + ContentProgress	existing recipe / loot / trinket_box	per_player	false	persistent advancement / existing save	来源见 accessory-audit.json；无任务项建议加入原槽位章节
warlord_drum_charm	战鼓墩	accessory	EXISTING	dynasty_accessory_hands	existing branch / optional stage	existing item / advancement	existing Curios + ContentProgress	existing recipe / loot / trinket_box	per_player	false	persistent advancement / existing save	来源见 accessory-audit.json；无任务项建议加入原槽位章节
wine_gourd	酒葫芦	accessory	EXISTING	dynasty_accessory_belt	existing branch / optional stage	existing item / advancement	existing Curios + ContentProgress	existing recipe / loot / trinket_box	per_player	false	persistent advancement / existing save	来源见 accessory-audit.json；无任务项建议加入原槽位章节
wound_binder_charm	绷带佩	accessory	EXISTING	dynasty_accessory_charm	existing branch / optional stage	existing item / advancement	existing Curios + ContentProgress	existing recipe / loot / trinket_box	per_player	false	persistent advancement / existing save	来源见 accessory-audit.json；无任务项建议加入原槽位章节
wrist_guard	护腕	accessory	EXISTING	dynasty_accessory_bracelet	existing branch / optional stage	existing item / advancement	existing Curios + ContentProgress	existing recipe / loot / trinket_box	per_player	false	persistent advancement / existing save	来源见 accessory-audit.json；无任务项建议加入原槽位章节
wuqu_sword_knot	武曲剑结	accessory	EXISTING	dynasty_build_sword	existing branch / optional stage	existing item / advancement	existing Curios + ContentProgress	existing recipe / loot / trinket_box	per_player	false	persistent advancement / existing save	来源见 accessory-audit.json；无任务项建议加入原槽位章节
xuanjia_clasp	玄甲扣	accessory	EXISTING	dynasty_build_guard	existing branch / optional stage	existing item / advancement	existing Curios + ContentProgress	existing recipe / loot / trinket_box	per_player	false	persistent advancement / existing save	来源见 accessory-audit.json；无任务项建议加入原槽位章节
xuanyue_armlet	玄岳臂环	accessory	EXISTING	dynasty_build_guard	existing branch / optional stage	existing item / advancement	existing Curios + ContentProgress	existing recipe / loot / trinket_box	per_player	false	persistent advancement / existing save	来源见 accessory-audit.json；无任务项建议加入原槽位章节
yanling_thumbring	雁翎扳指	accessory	EXISTING	dynasty_build_archer	existing branch / optional stage	existing item / advancement	existing Curios + ContentProgress	existing recipe / loot / trinket_box	per_player	false	persistent advancement / existing save	来源见 accessory-audit.json；无任务项建议加入原槽位章节
yuxu_talisman_case	玉虚符匣	accessory	EXISTING	dynasty_build_talisman	existing branch / optional stage	existing item / advancement	existing Curios + ContentProgress	existing recipe / loot / trinket_box	per_player	false	persistent advancement / existing save	来源见 accessory-audit.json；无任务项建议加入原槽位章节
zen_bead_string	禅珠串	accessory	EXISTING	dynasty_accessory_bracelet	existing branch / optional stage	existing item / advancement	existing Curios + ContentProgress	existing recipe / loot / trinket_box	per_player	false	persistent advancement / existing save	来源见 accessory-audit.json；无任务项建议加入原槽位章节
zhenguan_mirror	镇关镜	accessory	EXISTING	dynasty_build_guard	existing branch / optional stage	existing item / advancement	existing Curios + ContentProgress	existing recipe / loot / trinket_box	per_player	false	persistent advancement / existing save	来源见 accessory-audit.json；无任务项建议加入原槽位章节
zhenhai_heartguard	镇海护心镜	accessory	EXISTING	dynasty_build_guard	existing branch / optional stage	existing item / advancement	existing Curios + ContentProgress	existing recipe / loot / trinket_box	per_player	false	persistent advancement / existing save	来源见 accessory-audit.json；无任务项建议加入原槽位章节
zhuiri_quiver	逐日箭囊	accessory	EXISTING	dynasty_build_archer	existing branch / optional stage	existing item / advancement	existing Curios + ContentProgress	existing recipe / loot / trinket_box	per_player	false	persistent advancement / existing save	来源见 accessory-audit.json；无任务项建议加入原槽位章节
ziwei_talisman_chain	紫微符链	accessory	EXISTING	dynasty_build_talisman	existing branch / optional stage	existing item / advancement	existing Curios + ContentProgress	existing recipe / loot / trinket_box	per_player	false	persistent advancement / existing save	来源见 accessory-audit.json；无任务项建议加入原槽位章节
zhenyue_blade	镇岳刀	weapon	EXISTING	dynasty_build_guard	existing branch / optional stage	existing school / ritual advancement	DynastySchoolProgression / RitualQuestProgress	existing crafting + equipment synergy	per_player	false	persistent advancement / existing save	保留原 ID、基础能力和任务奖励
beichen_spear	北辰破阵枪	weapon	EXISTING	dynasty_build_guard	existing branch / optional stage	existing school / ritual advancement	DynastySchoolProgression / RitualQuestProgress	existing crafting + equipment synergy	per_player	false	persistent advancement / existing save	保留原 ID、基础能力和任务奖励
liuyun_sword	流云剑	weapon	EXISTING	dynasty_build_sword	existing branch / optional stage	existing school / ritual advancement	DynastySchoolProgression / RitualQuestProgress	existing crafting + equipment synergy	per_player	false	persistent advancement / existing save	保留原 ID、基础能力和任务奖励
chengying_sword	承影剑	weapon	EXISTING	dynasty_build_sword	existing branch / optional stage	existing school / ritual advancement	DynastySchoolProgression / RitualQuestProgress	existing crafting + equipment synergy	per_player	false	persistent advancement / existing save	保留原 ID、基础能力和任务奖励
zhuxing_bow	逐星弓	weapon	EXISTING	dynasty_build_archer	existing branch / optional stage	existing school / ritual advancement	DynastySchoolProgression / RitualQuestProgress	existing crafting + equipment synergy	per_player	false	persistent advancement / existing save	保留原 ID、基础能力和任务奖励
fengling_bow	风翎弓	weapon	EXISTING	dynasty_build_archer	existing branch / optional stage	existing school / ritual advancement	DynastySchoolProgression / RitualQuestProgress	existing crafting + equipment synergy	per_player	false	persistent advancement / existing save	保留原 ID、基础能力和任务奖励
chiling_brush	敕令笔	weapon	EXISTING	dynasty_build_talisman	existing branch / optional stage	existing school / ritual advancement	DynastySchoolProgression / RitualQuestProgress	existing crafting + equipment synergy	per_player	false	persistent advancement / existing save	保留原 ID、基础能力和任务奖励
leifu_staff	雷符杖	weapon	EXISTING	dynasty_build_talisman	existing branch / optional stage	existing school / ritual advancement	DynastySchoolProgression / RitualQuestProgress	existing crafting + equipment synergy	per_player	false	persistent advancement / existing save	保留原 ID、基础能力和任务奖励
xuanwu_blade	玄武盾刀	weapon	EXISTING	dynasty_boss_ascent	existing branch / optional stage	existing school / ritual advancement	DynastySchoolProgression / RitualQuestProgress	existing crafting + equipment synergy	per_player	false	persistent advancement / existing save	保留原 ID、基础能力和任务奖励
zhuque_fan	朱雀羽扇	weapon	EXISTING	dynasty_boss_ascent	existing branch / optional stage	existing school / ritual advancement	DynastySchoolProgression / RitualQuestProgress	existing crafting + equipment synergy	per_player	false	persistent advancement / existing save	保留原 ID、基础能力和任务奖励
qinglong_dao	青龙偃月刀	weapon	EXISTING	dynasty_boss_ascent	existing branch / optional stage	existing school / ritual advancement	DynastySchoolProgression / RitualQuestProgress	existing crafting + equipment synergy	per_player	false	persistent advancement / existing save	保留原 ID、基础能力和任务奖励
baihu_glaive	白虎戟	weapon	EXISTING	dynasty_boss_ascent	existing branch / optional stage	existing school / ritual advancement	DynastySchoolProgression / RitualQuestProgress	existing crafting + equipment synergy	per_player	false	persistent advancement / existing save	保留原 ID、基础能力和任务奖励
zhuque_bow	朱雀弓	weapon	EXISTING	dynasty_boss_ascent	existing branch / optional stage	existing school / ritual advancement	DynastySchoolProgression / RitualQuestProgress	existing crafting + equipment synergy	per_player	false	persistent advancement / existing save	保留原 ID、基础能力和任务奖励
thunder_spear	雷霆枪	weapon	EXISTING	dynasty_boss_ascent	existing branch / optional stage	existing school / ritual advancement	DynastySchoolProgression / RitualQuestProgress	existing crafting + equipment synergy	per_player	false	persistent advancement / existing save	保留原 ID、基础能力和任务奖励
